flow_m3h,core_velocity_m_s,fan_aperture_velocity_m_s,reynolds,darcy_friction_factor,friction_dp_pa,entry_exit_dp_pa,estimated_core_dp_pa
10,0.2777777777777778,0.28194965825520013,102.31225700838961,0.5562383399999999,0.7416511200000001,0.06944444444444445,0.8110955644444445
20,0.5555555555555556,0.5638993165104003,204.62451401677922,0.27811916999999997,1.4833022400000002,0.2777777777777778,1.7610800177777781
30,0.8333333333333333,0.8458489747656004,306.9367710251688,0.18541278,2.2249533599999998,0.6249999999999999,2.8499533599999998
40,1.1111111111111112,1.1277986330208005,409.24902803355843,0.13905958499999999,2.9666044800000004,1.1111111111111112,4.077715591111112
50,1.3888888888888888,1.4097482912760007,511.561285041948,0.111247668,3.7082555999999993,1.7361111111111107,5.44436671111111
60,1.6666666666666665,1.6916979495312008,613.8735420503376,0.09270639,4.4499067199999995,2.4999999999999996,6.9499067199999995
70,1.9444444444444444,1.973647607786401,716.1857990587272,0.07946262,5.19155784,3.4027777777777772,8.594335617777777
80,2.2222222222222223,2.255597266041601,818.4980560671169,0.06952979249999999,5.933208960000001,4.444444444444445,10.377653404444445
90,2.5,2.537546924296801,920.8103130755064,0.06180426,6.67486008,5.625,12.29986008
100,2.7777777777777777,2.8194965825520013,1023.122570083896,0.055623834,7.416511199999999,6.944444444444443,14.360955644444442
