material,active_solid_fraction,flow_m3h,phase_time_s,average_supply_out_c,average_exhaust_out_c,supply_effectiveness,exhaust_effectiveness,air_side_h_w_m2k,effective_u_w_m2k,solid_heat_capacity_j_k,full_solid_heat_capacity_j_k,thermal_penetration_depth_mm,biot_half_wall,deadtime_duty_fraction,core_void_l,air_exchange_per_phase_l,core_void_fraction_of_phase_exchange
PETG,1.0,20.0,30.0,11.683915398260986,8.318073960889224,0.5841957699130493,0.5840963019555387,17.02476,16.46416314762179,1072.896,1072.896,1.1194590337670425,0.03404952,0.9090909090909091,1.6,166.66666666666666,0.009600000000000001
PETG,1.0,20.0,45.0,11.639447951666456,8.360657979908671,0.5819723975833229,0.5819671010045664,17.02476,16.46416314762179,1072.896,1072.896,1.371051710339169,0.03404952,0.9375,1.6,250.0,0.0064
PETG,1.0,20.0,60.0,11.577639100193922,8.422365764346603,0.5788819550096961,0.5788817117826699,17.02476,16.46416314762179,1072.896,1072.896,1.583154148074432,0.03404952,0.9523809523809523,1.6,333.3333333333333,0.0048000000000000004
PETG,1.0,20.0,90.0,11.401975884421013,8.598024123197582,0.5700987942210507,0.5700987938401209,17.02476,16.46416314762179,1072.896,1072.896,1.9389599234764812,0.03404952,0.967741935483871,1.6,500.0,0.0032
PETG,1.0,40.0,30.0,8.233000267471773,11.767034761351306,0.41165001337358864,0.4116482619324347,17.02476,16.46416314762179,1072.896,1072.896,1.1194590337670425,0.03404952,0.9090909090909091,1.6,333.3333333333333,0.0048000000000000004
PETG,1.0,40.0,45.0,8.16180909559093,11.83819111509701,0.40809045477954653,0.4080904442451495,17.02476,16.46416314762179,1072.896,1072.896,1.371051710339169,0.03404952,0.9375,1.6,500.0,0.0032
PETG,1.0,40.0,60.0,8.063149633756016,11.936850367348546,0.4031574816878008,0.4031574816325727,17.02476,16.46416314762179,1072.896,1072.896,1.583154148074432,0.03404952,0.9523809523809523,1.6,666.6666666666666,0.0024000000000000002
PETG,1.0,40.0,90.0,7.792605439123655,12.207394560876368,0.3896302719561827,0.3896302719561816,17.02476,16.46416314762179,1072.896,1072.896,1.9389599234764812,0.03404952,0.967741935483871,1.6,1000.0,0.0016
PETG,1.0,60.0,30.0,6.3510280167245705,13.64897524432227,0.3175514008362285,0.31755123778388655,17.02476,16.46416314762179,1072.896,1072.896,1.1194590337670425,0.03404952,0.9090909090909091,1.6,500.00000000000006,0.0031999999999999997
PETG,1.0,60.0,45.0,6.274018664787261,13.72598134127278,0.31370093323936304,0.31370093293636103,17.02476,16.46416314762179,1072.896,1072.896,1.371051710339169,0.03404952,0.9375,1.6,750.0,0.0021333333333333334
PETG,1.0,60.0,60.0,6.1686432323388205,13.831356767671076,0.30843216161694104,0.30843216161644615,17.02476,16.46416314762179,1072.896,1072.896,1.583154148074432,0.03404952,0.9523809523809523,1.6,1000.0000000000001,0.0015999999999999999
PETG,1.0,60.0,90.0,5.886662693829795,14.113337306170205,0.29433313469148975,0.29433313469148975,17.02476,16.46416314762179,1072.896,1072.896,1.9389599234764812,0.03404952,0.967741935483871,1.6,1500.0,0.0010666666666666667
PETG,1.0,80.0,30.0,5.168122530147469,14.831878177212552,0.2584061265073735,0.2584060911393724,17.02476,16.46416314762179,1072.896,1072.896,1.1194590337670425,0.03404952,0.9090909090909091,1.6,666.6666666666666,0.0024000000000000002
PETG,1.0,80.0,45.0,5.092887821531963,14.907112179107317,0.25464439107659814,0.25464439104463416,17.02476,16.46416314762179,1072.896,1072.896,1.371051710339169,0.03404952,0.9375,1.6,1000.0,0.0016
PETG,1.0,80.0,60.0,4.990805750288007,15.009194249712504,0.24954028751440033,0.2495402875143748,17.02476,16.46416314762179,1072.896,1072.896,1.583154148074432,0.03404952,0.9523809523809523,1.6,1333.3333333333333,0.0012000000000000001
PETG,1.0,80.0,90.0,4.722053359708845,15.277946640291157,0.23610266798544224,0.23610266798544216,17.02476,16.46416314762179,1072.896,1072.896,1.9389599234764812,0.03404952,0.967741935483871,1.6,2000.0,0.0008
CERAMIC_GENERIC,1.0,20.0,30.0,11.832607801675124,8.171553326120458,0.5916303900837562,0.5914223336939771,17.02476,16.947817990981296,1239.04,1239.04,2.8528240472331836,0.0045399360000000005,0.9090909090909091,1.6,166.66666666666666,0.009600000000000001
CERAMIC_GENERIC,1.0,20.0,45.0,11.797486658193227,8.20285957479763,0.5898743329096614,0.5898570212601185,17.02476,16.947817990981296,1239.04,1239.04,3.4939816208314376,0.0045399360000000005,0.9375,1.6,250.0,0.0064
CERAMIC_GENERIC,1.0,20.0,60.0,11.749842065487705,8.25018300567977,0.5874921032743853,0.5874908497160115,17.02476,16.947817990981296,1239.04,1239.04,4.0345024586612706,0.0045399360000000005,0.9523809523809523,1.6,333.3333333333333,0.0048000000000000004
CERAMIC_GENERIC,1.0,20.0,90.0,11.613798928746148,8.386201172450168,0.5806899464373074,0.5806899413774916,17.02476,16.947817990981296,1239.04,1239.04,4.941236194862148,0.0045399360000000005,0.967741935483871,1.6,500.0,0.0032
CERAMIC_GENERIC,1.0,40.0,30.0,8.386028203117336,11.614092621322,0.4193014101558668,0.4192953689339,17.02476,16.947817990981296,1239.04,1239.04,2.8528240472331836,0.0045399360000000005,0.9090909090909091,1.6,333.3333333333333,0.0048000000000000004
CERAMIC_GENERIC,1.0,40.0,45.0,8.330092620705281,11.669908818256859,0.4165046310352641,0.41650455908715706,17.02476,16.947817990981296,1239.04,1239.04,3.4939816208314376,0.0045399360000000005,0.9375,1.6,500.0,0.0032
CERAMIC_GENERIC,1.0,40.0,60.0,8.252080043968897,11.747919971047759,0.41260400219844484,0.41260400144761206,17.02476,16.947817990981296,1239.04,1239.04,4.0345024586612706,0.0045399360000000005,0.9523809523809523,1.6,666.6666666666666,0.0024000000000000002
CERAMIC_GENERIC,1.0,40.0,90.0,8.035395232727149,11.964604767274148,0.40176976163635747,0.40176976163629263,17.02476,16.947817990981296,1239.04,1239.04,4.941236194862148,0.0045399360000000005,0.967741935483871,1.6,1000.0,0.0016
CERAMIC_GENERIC,1.0,60.0,30.0,6.490599118601677,13.509415260191245,0.3245299559300839,0.32452923699043773,17.02476,16.947817990981296,1239.04,1239.04,2.8528240472331836,0.0045399360000000005,0.9090909090909091,1.6,500.00000000000006,0.0031999999999999997
CERAMIC_GENERIC,1.0,60.0,45.0,6.429309321720738,13.570690737698515,0.3214654660860369,0.3214654631150743,17.02476,16.947817990981296,1239.04,1239.04,3.4939816208314376,0.0045399360000000005,0.9375,1.6,750.0,0.0021333333333333334
CERAMIC_GENERIC,1.0,60.0,60.0,6.344704311454814,13.655295688761647,0.3172352155727407,0.31723521556191764,17.02476,16.947817990981296,1239.04,1239.04,4.0345024586612706,0.0045399360000000005,0.9523809523809523,1.6,1000.0000000000001,0.0015999999999999999
CERAMIC_GENERIC,1.0,60.0,90.0,6.114442982554542,13.88555701744546,0.3057221491277271,0.305722149127727,17.02476,16.947817990981296,1239.04,1239.04,4.941236194862148,0.0045399360000000005,0.967741935483871,1.6,1500.0,0.0010666666666666667
CERAMIC_GENERIC,1.0,80.0,30.0,5.292969865701764,14.707033734454335,0.2646484932850882,0.2646483132772833,17.02476,16.947817990981296,1239.04,1239.04,2.8528240472331836,0.0045399360000000005,0.9090909090909091,1.6,666.6666666666666,0.0024000000000000002
CERAMIC_GENERIC,1.0,80.0,45.0,5.232602478674162,14.767397529071415,0.2616301239337081,0.2616301235464292,17.02476,16.947817990981296,1239.04,1239.04,3.4939816208314376,0.0045399360000000005,0.9375,1.6,1000.0,0.0016
CERAMIC_GENERIC,1.0,80.0,60.0,5.149862272111045,14.850137727903693,0.25749311360555227,0.25749311360481536,17.02476,16.947817990981296,1239.04,1239.04,4.0345024586612706,0.0045399360000000005,0.9523809523809523,1.6,1333.3333333333333,0.0012000000000000001
CERAMIC_GENERIC,1.0,80.0,90.0,4.927730923994011,15.07226907600599,0.24638654619970052,0.24638654619970052,17.02476,16.947817990981296,1239.04,1239.04,4.941236194862148,0.0045399360000000005,0.967741935483871,1.6,2000.0,0.0008
